<?xml version="1.0" encoding="UTF-8"?>
<project-private xmlns="http://www.netbeans.org/ns/project-private/1">
    <editor-bookmarks xmlns="http://www.netbeans.org/ns/editor-bookmarks/2" lastBookmarkId="0"/>
    <open-files xmlns="http://www.netbeans.org/ns/projectui-open-files/2">
        <group>
            <file>file:/Users/reiner/Documents/Disciplinas/CPT316%20-%20Linguagem%20de%20Programação%20II/BD_camadas/Universidade/src/FrameAluno.java</file>
            <file>file:/Users/reiner/Documents/Disciplinas/CPT316%20-%20Linguagem%20de%20Programação%20II/BD_camadas/Universidade/src/Aluno.java</file>
            <file>file:/Users/reiner/Documents/Disciplinas/CPT316%20-%20Linguagem%20de%20Programação%20II/BD_camadas/Universidade/src/MySQL.java</file>
        </group>
    </open-files>
</project-private>
